nr_registro,id_ingrediente
35523,1
33723,2
17622,3
31918,4
13525,5
37825,6
1215,7
6715,7
20524,8
02025,7
11824,8
56425,9
07508,8
44924,10
02801,11
41418,7
6615,8
13425,8
11708,8
21316,8
1228803,12
23824,8
03009,13
02920,14
0215,15
42318,16
6515,7
03626,17
29225,18
16524,19
09024,20
45125,21
08921,22
44925,23
06526,24
34818,25
17322,26
21616,27
15816,28
32218,29
13923,29
14523,29
22422,26
40017,30
02923,31
9210,32
01520,33
19917,34
29617,34
39825,35
05501,35
06020,31
03624,34
0806,35
03801,35
05221,34
2798,36
12014,37
16117,38
28517,39
1205,40
50625,41
24918,35
08420,42
09120,42
13622,35
42325,43
00303,44
12208,44
02823,45
35521,46
5806,47
07326,48
39324,49
4193,50
05124,20
38618,50
26024,51
42125,20
458294,50
16024,20
16907,52
0417,50
27323,53
8311,50
20723,41
08625,54
46025,20
45925,20
14320,55
2093,56
02218,41
01326,57
39125,57
10812,41
26020,41
43619,41
01218,41
27817,41
49925,58
57925,20
05924,57
11908,59
712,60
52625,61
32725,62
2605,63
4111,64
23420,64
22820,65
12317,50
10098,66
5313,67
1238404,68
9609,69
10911,70
15325,71
9414,72
6211,73
28817,74
2708,75
00421,76
25218,38
14822,77
12821,78
16625,79
31718,80
04126,81
1595,82
01522,83
6010,84
88507,84
1007,85
13323,86
26317,87
24820,88
6111,89
04825,90
45124,91
17320,92
019907,93
46324,94
26622,50
02019,95
18125,96
6095,97
2698707,98
178810,99
2110,100
04726,101
5100,102
32522,103
24522,104
24822,105
1448999,106
28220,107
05826,108
11118,109
07019,110
07119,110
01703,111
11601,112
1038601,113
07521,114
28523,115
13512,116
24517,116
23322,117
14225,118
7898,119
27524,120
10924,121
40424,121
12917,122
57825,123
108700,124
4106,125
3116,126
21016,127
36525,118
28320,128
2492,129
01622,130
36022,131
31422,132
22525,20
40324,121
8909,133
43824,133
6011,89
991,134
16124,135
26623,136
07723,137
41424,137
22016,47
21721,138
01722,139
31724,140
03620,141
15021,142
5514,143
5314,144
2096,145
16308,142
16222,145
16318,145
15121,142
18920,142
11514,145
09322,145
12522,142
25819,145
31323,145
01525,146
06222,146
19524,8
195,7
07825,147
32225,123
2398,148
3809,79
1305,148
06721,149
8298,150
0610,151
3916,152
00508,80
49525,153
27021,154
34321,155
3705,156
32917,157
26816,158
18221,159
34618,151
12724,160
00901,161
26023,162
18423,163
09822,164
12309,165
4097,166
11516,167
08522,168
9107,169
13420,170
23820,170
03124,171
4007,172
8515,173
24618,174
54125,175
2303,50
20020,176
01720,177
26824,178
08822,179
25625,180
8511,181
35423,182
12123,183
26223,184
16407,185
4605,186
12824,187
9407,188
26520,189
06723,190
07226,191
27325,192
12624,193
22021,193
7815,194
00523,116
31417,195
19925,123
3815,196
5515,196
24420,197
11707,198
00200,199
10521,200
13408,201
03221,202
51525,20
02826,20
02726,20
07121,50
08723,203
21921,89
23121,204
42824,205
31618,206
21020,207
6894,208
25521,209
23718,210
08121,211
4916,212
08120,212
18820,213
05224,146
11223,214
40619,215
45625,216
11216,217
24925,218
16107,219
5017,220
30122,189
26019,189
2396,221
00521,221
17918,60
08321,60
10018,60
12920,222
01726,189
19725,189
05526,189
06521,189
32124,189
27421,189
09019,189
09519,60
10319,60
25021,189
08818,189
596,60
10425,60
31818,60
20325,60
32217,223
05423,224
15408,225
36519,226
09522,116
21216,8
20923,227
15523,228
36919,229
12008,230
04021,231
14324,96
26918,232
24720,232
27716,233
07720,229
7107,234
10706,85
04900,85
15723,235
8212,236
21717,41
08526,237
45825,238
1415,184
03400,184
19122,39
12320,239
48025,240
37125,241
29321,118
29524,242
14514,243
01220,200
20107,231
02219,231
29724,244
13125,87
37022,245
38218,79
36122,131
08125,131
8015,246
14807,247
13921,248
25924,249
20617,250
13612,251
09018,252
46725,200
07618,200
19622,118
12521,118
23720,200
43325,251
48225,253
30318,200
36621,118
04423,200
06626,79
02621,200
16522,200
20425,200
20625,200
12323,122
04624,254
30623,87
09620,255
37225,256
09723,257
10625,258
10725,259
55125,260
39124,261
06320,262
35719,263
29725,264
28820,265
42124,266
39824,267
42624,268
31421,269
06319,270
4816,271
29925,272
04621,273
42725,274
31022,202
19922,275
26423,276
06524,276
17723,277
14925,278
32723,277
44825,277
22025,279
33821,280
34421,258
31821,281
17423,247
17523,247
17623,247
17223,282
17323,282
14724,283
22125,284
38025,284
17023,285
15123,285
36024,286
02122,287
33623,288
10124,288
30722,289
37424,290
30518,291
1917,292
458791,293
05022,294
02420,295
22620,138
02021,296
07421,296
06813,297
26624,298
03020,299
18521,183
41725,300
28023,301
19121,302
49225,188
7312,258
08524,303
49625,87
37122,304
28719,305
10220,89
13118,89
14916,306
11909,307
18921,308
44725,235
02223,309
33222,310
07623,311
9212,116
308394,312
594,313
3294,314
04120,315
07520,228
22518,316
12909,35
11812,41
28622,317
10022,318
3010,319
18225,233
07622,320
32220,321
3816,322
30522,323
18319,324
22019,325
19722,233
09615,326
21625,327
21725,233
04716,233
12914,175
17722,328
19023,329
04926,330
18621,331
21719,187
2509,332
01824,333
1208,334
03922,335
33225,336
16021,315
13915,337
02723,337
23518,334
31824,338
32924,339
25620,340
30025,341
07123,342
02821,343
04725,344
14725,345
06418,322
19222,346
21918,347
15722,348
12322,346
25720,349
22623,350
37819,351
39724,261
12820,137
12823,188
21125,188
19020,188
44124,204
16322,204
07725,188
10325,188
13221,352
4006,353
45224,137
688604,354
13320,355
2196,356
13521,357
36121,116
8805,358
35519,359
34223,360
9406,361
9606,362
9506,363
21222,364
1516,365
37124,366
35224,367
45025,368
26724,369
28422,370
7415,371
13817,372
01302,373
12422,374
33724,375
6311,376
25824,377
34123,378
6799,379
24423,380
2403,381
25623,382
3901,383
6805,384
43418,385
39917,258
09121,343
12020,386
15125,387
23625,388
14422,389
25923,390
29625,391
25121,280
25522,392
36118,393
22519,394
32423,276
15225,320
29125,395
47525,301
7998,396
31725,228
17420,397
07522,398
51025,8
11014,365
09421,399
13820,287
17123,282
44024,400
35425,401
06621,402
37625,403
08001,404
03826,405
20722,406
14123,407
31023,408
31023,409
32621,410
26720,411
4712,412
13022,413
36424,191
36524,191
32623,390
23123,283
22523,414
11422,415
20120,416
05620,417
20824,281
6810,418
05801,72
16623,419
10923,420
18725,421
31923,422
31721,281
20424,178
06422,423
00822,408
00822,424
20522,425
18425,426
1278791,427
1416,428
1316,429
32022,430
29720,431
19021,388
19822,432
18525,426
33421,258
07721,433
26921,434
11522,435
02224,436
03423,437
14025,438
22223,439
10224,279
9211,440
7816,441
10914,365
34322,258
25421,442
5207,188
13023,443
19120,188
15222,85
38117,183
01023,191
10820,444
38818,445
15321,446
06796,447
07904,448
9607,449
9207,189
19217,182
10423,334
30422,450
8017,451
27321,432
53325,452
12023,453
40119,454
07925,455
20521,456
11720,457
33822,458
7495,122
12916,459
27424,460
10722,173
2107,461
04124,455
35922,455
51925,455
12121,462
3799,463
51825,464
05026,265
13824,465
07615,466
28122,327
08624,258
08022,233
29322,467
10814,468
07026,320
01025,469
46224,233
03425,470
43025,471
13311,472
24020,344
08621,258
43419,364
12516,473
17520,474
04902,475
22416,476
27818,477
42724,364
08320,258
24620,478
30920,472
42924,460
22521,479
6412,307
34121,480
18524,481
32221,146
44624,482
52825,315
29518,334
01621,116
05421,189
9508,69
21223,483
01122,484
09223,485
38019,233
1188491,38
06300,39
1418896,486
01620,487
4896,105
02524,456
9307,137
5507,188
10010,206
09009,488
8007,489
8214,490
14323,104
10808,491
588605,492
05908,493
19123,494
4611,69
05120,55
29022,495
03321,496
03226,497
02126,498
58625,235
19920,499
1192,500
04995,501
7409,502
02522,503
02123,309
52025,455
4705,143
7306,210
14125,504
44324,233
42324,505
18721,331
12924,506
49025,507
00420,508
01303,509
08423,510
05718,511
09419,512
29018,258
34418,513
11822,512
17019,512
38924,39
19024,200
09923,514
01004,187
01800,515
29621,516
10511,75
16607,7
14818,316
29325,517
46424,518
09224,8
07624,519
06413,520
07503,455
1512,104
5407,122
40524,521
9807,522
25018,143
28822,523
25718,524
3606,525
3608206,526
0818805,525
1908305,507
25724,524
42719,524
10415,159
13207,188
3307,137
09122,118
01601,527
04721,273
5805,329
21617,528
33823,85
24824,85
00209,529
5111,530
12124,456
14520,531
31220,532
24417,533
11225,534
19018,115
538696,535
09319,535
27523,122
46225,536
8016,296
15918,499
43424,499
17222,537
828604,538
15822,539
09124,540
28117,41
02825,115
24922,541
1378704,50
18520,206
06719,542
18408,543
29921,544
33922,545
2202,546
06713,67
2910,115
17725,183
07426,547
34022,548
09318,549
45719,107
03121,202
4899,550
4810,551
58525,552
3811,553
22424,153
28617,554
13325,178
30017,334
02220,555
10620,228
24621,556
10818,557
36724,558
29520,559
29420,560
22321,180
27724,561
3308,175
42025,50
15925,20
21420,562
11820,457
14816,206
30517,563
47125,83
23724,104
36124,39
26924,104
22618,104
03224,39
43225,104
29917,104
6404,564
13922,565
15418,566
15518,566
11624,567
25425,568
3306,569
4199,570
17924,571
2710,561
23725,572
25325,561
9311,89
01010,563
7612,490
26725,490
4015,490
4715,490
378907,490
3101,490
23924,134
23021,134
43925,169
07324,134
09222,573
20624,490
35522,574
6304,575
20925,576
39425,577
27920,134
16917,578
14418,578
938801,579
07818,580
02225,581
36817,582
43725,115
24024,581
43625,583
00726,115
20922,115
01325,115
25224,115
02721,115
29121,115
29021,115
29221,115
15725,581
11117,115
50425,115
54325,115
06126,95
12217,115
09525,115
20920,584
02625,585
13620,579
00402,586
4214,579
32025,587
27823,104
12720,531
10608,531
00525,456
10508,531
48325,531
28721,531
00121,531
22921,531
09325,456
24320,104
02026,588
39925,588
17221,83
28421,83
16220,83
8306,579
39025,579
26621,589
4008,579
31123,590
13520,579
1411,579
00902,579
7108,579
35624,104
29224,39
11923,39
01426,39
09622,39
00621,38
21824,39
25919,39
45419,104
19208,104
43219,104
36822,104
7097,104
12419,104
16717,104
23519,591
22819,591
09424,179
09323,485
09221,592
5199,593
04700,594
1788703,595
78803,596
06922,137
32619,221
1804,597
08922,389
718701,143
6217,116
08801,598
10119,599
19118,460
35625,600
16419,145
47425,115
1709,601
35322,470
35222,602
06024,531
16223,456
24223,603
7207,129
21022,233
1096,604
3396,604
20623,311
8607,605
16508,606
27220,607
04325,608
4804,609
18121,228
07224,610
02501,579
03821,228
409,611
40125,612
9299,210
12025,613
698,427
128895,564
04216,614
2615,615
1914,511
12709,616
13019,617
7806,85
13718,618
13818,618
12425,619
12218,620
6017,621
6310,622
25320,122
15022,623
32825,624
00320,122
7913,620
30925,616
31225,616
13723,561
16817,8
14624,625
28217,223
16720,626
6699,627
22316,628
13815,629
37025,629
1113,630
7214,631
5415,632
14411,633
10212,365
17016,634
12212,635
7212,636
13715,629
20123,629
4915,365
5204,637
7114,365
14720,638
13911,636
05018,639
04925,365
0713,640
2212,636
12412,630
8516,365
11214,641
1015,365
32318,183
1098,642
13108,201
18722,643
2009,644
12618,645
12019,646
30023,647
11823,648
30721,649
10223,650
05726,651
02222,652
31321,647
25725,653
12918,446
02506,654
17424,654
33525,655
4717,656
8912,657
3105,658
8917,659
3314,646
9613,660
26820,179
45024,661
26923,662
12316,663
27822,664
22216,665
07900,666
23418,667
0711,668
4795,622
2788792,596
5509,622
2108704,669
08923,670
19617,89
04821,671
08720,671
24520,671
1902,563
5010,672
34723,673
8198,674
10806,675
27218,675
8406,107
39317,107
08100,173
19507,563
1510,561
15524,206
25023,490
25123,490
3915,490
1188699,676
6710,677
08424,490
18222,490
6395,490
21519,678
50925,8
29525,679
57225,680
57125,679
09520,189
12620,142
2108604,7
36821,681
00322,682
1798591,38
7009,105
29417,683
56525,684
9015,685
56825,182
13611,686
22418,50
1678591,687
02626,688
09219,567
19318,689
8199,104
02926,690
758498,623
01219,691
00115,7
14223,692
04301,626
30921,408
30921,424
13523,235
1818604,693
14414,694
19323,623
8210,695
4911,696
9717,331
9515,331
07420,697
25716,698
478507,699
3515,182
25216,182
18323,700
31021,701
32017,346
53025,557
28521,50
02221,35
36018,605
5009,8
05324,134
45525,169
00620,87
04121,87
03921,87
56925,87
43818,87
7617,87
13120,87
5212,702
33322,703
00426,704
34625,212
30724,705
46325,212
3493,706
54925,212
51125,212
23923,707
53625,593
56125,593
12324,8
15716,107
10221,107
34124,107
10509,708
00221,219
7507,709
04324,709
22616,219
25624,709
02418,621
07021,709
1608,709
31717,710
16207,219
30117,219
17119,107
51725,453
11023,605
42625,669
06025,711
7597,712
17025,306
1808701,99
1848591,621
31520,709
2607,713
10601,146
03223,714
56625,593
26718,41
32719,715
00812,716
00291,717
5917,718
4707,719
858901,293
07923,720
39924,721
3516,182
01925,453
08525,453
10525,182
13819,722
26122,681
40225,681
38824,453
26222,453
09523,182
34623,182
45324,182
45624,182
45424,182
52125,182
18118,453
388703,716
2310,723
04720,724
19523,725
24718,726
55025,212
09021,727
2438798,511
12609,616
1928708,728
23825,661
1098203,716
1106,729
7307,730
1198902,661
09721,605
408905,716
36921,716
08319,716
23925,661
16820,661
17321,716
1238803,716
988692,661
8895,716
04322,731
11917,732
19707,605
28018,721
1088305,733
56225,89
37619,734
01926,95
6099,735
7012,736
7206,737
11218,738
04820,739
2028702,740
04620,724
6415,179
1095,568
38024,741
04826,742
45219,122
40824,743
5007,59
35921,324
3698,744
12408,713
8499,235
5411,235
16516,28
05626,745
08725,746
03521,143
13217,605
05320,747
33324,748
46419,221
2604,727
22718,749
9713,750
44424,180
7208,532
8004,751
4608,531
43924,752
36225,753
20825,754
31025,755
36023,727
10006,582
12407,39
21224,67
26616,756
30323,757
14522,389
17122,71
07010,510
19721,343
19221,258
18316,758
32121,327
21521,411
26225,759
26022,760
16916,177
19821,388
04213,761
8013,636
23321,762
14022,762
17820,616
39024,763
13716,206
22425,764
5210,765
19417,182
20421,766
10522,767
2414,698
24122,768
01519,769
44318,531
20622,89
9417,770
22222,771
52525,771
00123,772
10909,511
26123,773
05123,307
26121,122
00921,228
46625,774
15923,775
17324,776
26323,775
10499,210
2210,427
12907,777
54025,38
07423,39
3004,777
3814,736
1410,778
10921,779
5610,511
28625,616
01921,616
25420,122
14124,122
21522,780
2402,125
6105,765
10719,779
10321,779
16617,195
15888,781
22420,782
45619,783
32417,784
06520,783
5710,785
00703,485
7001,70
17008,786
33725,787
38318,35
7698,183
06219,183
23122,788
26424,153
25024,153
36825,153
1499,789
21722,790
11401,791
44225,456
15224,792
45725,793
4514,210
04426,557
36321,107
06623,235
18923,794
34923,307
35125,795
05725,796
35524,187
48825,20
28125,485
14924,485
4416,126
39117,797
42819,87
01420,485
14024,675
40825,675
993,798
3292,796
1505,799
05524,675
5102,800
48625,675
43719,281
13112,116
6294,561
23423,801
18124,802
22121,803
5714,804
43524,805
35424,805
14314,805
40924,806
29422,807
00122,808
44218,809
30618,810
05723,811
09119,7
25922,812
01422,813
05420,46
178704,814
22919,591
22719,591
28219,815
04923,50
17625,816
2008606,221
05624,817
32018,25
2612,818
23016,60
389004,819
22018,820
30325,235
18818,50
22218,50
18918,50
15620,821
23120,822
10213,75
13308,201
15507,823
12007,824
05325,825
20419,60
26221,180
12712,28
02793,121
4496,121
10913,826
46425,121
26723,827
20917,50
07125,561
06726,572
7896,828
4494,828
25020,709
3001,829
12312,830
1609,831
15324,561
57725,832
2518389,833
04822,834
07201,835
03503,836
04403,837
26025,838
2304,839
01524,840
6204,841
15417,30
8215,484
27422,842
30420,490
09818,843
5614,7
05622,844
11611,52
691,228
1198,845
21822,846
11417,116
10823,116
11420,116
07222,116
26322,116
3214,334
11921,334
29721,847
17920,334
06821,334
11821,116
17022,334
12021,116
00217,334
10412,116
11021,848
24924,116
10621,334
24321,116
06718,849
22120,850
22824,851
07111,502
9808,107
36224,675
27617,852
41118,107
838590,528
5810,502
17621,853
11301,854
36824,855
17219,89
23422,856
28419,89
12219,89
20916,7
29821,857
34525,858
19425,851
24225,851
18020,858
25324,859
12922,857
15623,857
10225,860
35923,858
34824,857
35525,851
22617,858
41325,861
7996,862
23324,863
23424,838
31024,248
56325,864
33123,248
00323,248
18421,863
7209,502
14721,727
12623,305
00226,305
43718,305
18608,865
30320,866
09921,867
7517,87
01424,528
2895,210
26324,39
9699,868
3848304,869
06403,870
03326,871
22524,528
24121,528
23318,872
36218,89
04422,873
39625,874
04323,875
7908,307
01924,57
16025,57
13621,178
40419,727
1814,511
04103,862
0202,876
3096,862
06923,877
1011,143
03721,60
7116,671
14821,142
15521,189
01395,878
03502,811
02924,544
25925,544
32921,839
02324,839
13509,792
02623,879
03422,880
04223,881
05226,882
24117,882
08026,882
13419,115
54825,196
26823,255
21924,883
10110,884
16923,885
7695,89
26822,886
24325,568
24418,887
4093,888
2815,175
01223,85
09820,579
11622,504
796,889
696,889
4307,839
4207,544
5499,38
258491,596
908,596
22024,233
18224,510
44824,389
30024,510
05919,460
12424,528
15220,399
3394,890
7098,891
10599,892
10724,446
748903,893
12622,893
28121,872
4814,534
9517,894
55525,895
4894,896
30820,897
07419,898
21925,315
21825,108
33718,307
31921,177
17825,899
34425,900
27725,901
39525,902
31423,286
25723,279
13518,301
06620,903
30324,561
07219,69
03401,904
04225,470
04125,905
05925,906
21123,39
29922,39
04601,907
25823,714
1810,561
13422,621
8598,448
10012,714
15112,736
19320,908
9712,118
06919,118
04618,813
02300,683
33924,909
04000,910
46819,911
2215,912
5914,75
05923,5
1613,460
30621,122
1428691,531
1798,456
8008,913
38519,228
1908,153
01521,442
16221,914
02421,915
04701,427
23823,916
3813,235
07295,584
319001,179
02103,427
06322,917
7297,833
788395,544
00101,544
529009,544
7795,544
9498,572
11015,153
49425,858
16622,918
39524,854
18022,774
7516,919
7115,920
28619,104
1806,189
52425,57
7405,921
1858903,145
378599,60
5496,922
20021,449
05724,254
08523,923
20620,456
27923,924
47625,307
31521,607
43825,228
6698,925
51325,792
9910,301
13507,307
6315,178
42925,517
0615,39
49125,926
4012,307
11024,178
00204,301
32418,927
30723,307
02925,581
32823,301
55825,517
02918,928
39224,929
8514,929
13719,307
15421,307
5605,301
08020,307
39717,307
09022,307
26722,307
25119,481
00826,178
6117,178
17024,178
00318,307
05823,930
44525,931
8316,932
3812,307
00324,933
10624,481
07922,307
20523,307
5417,307
03824,301
06424,934
53225,935
36618,936
3078394,301
14007,937
5712,307
7316,307
12321,938
2502,517
13917,301
38425,178
42018,307
1704,178
02725,517
10323,307
37824,934
05523,934
38324,934
8410,307
12721,939
37724,178
10023,178
46519,307
23623,178
31222,813
41918,940
00203,307
38424,941
06325,939
13508,480
3914,942
09225,677
00120,228
00126,228
08220,228
25423,228
06826,228
22124,228
22624,228
17620,228
20724,943
00225,655
22724,228
34024,655
00325,655
09324,655
16922,228
05023,228
16722,228
40818,228
47325,774
27825,228
37021,228
22224,228
03524,228
01026,228
06426,228
12625,228
02921,944
28722,228
28720,228
29120,228
26825,655
27324,228
00425,655
01625,228
3416,307
30423,301
24623,307
30223,301
10406,301
10912,480
10715,178
03324,942
17923,942
00624,934
1812,301
18324,945
1838604,448
21221,946
55225,41
46925,709
55325,41
05000,947
38918,445
31420,666
14517,948
10520,949
9815,950
42825,228
3414,561
10716,531
24224,951
18318,952
0315,15
21624,14
06225,953
0515,68
9513,297
23922,581
22325,95
22221,115
03203,954
19308,955
01723,956
29223,957
15823,387
58025,248
21416,958
000393,959
05220,346
21321,761
14618,620
47925,960
12524,961
15012,28
17522,60
45824,851
02120,962
04226,237
46825,963
944/26R,673
26321,39
3213,28
07413,47
42424,964
14325,965
57625,228
39325,180
02401,966
14021,228
06921,531
25525,456
28223,180
50525,967
55725,968
55625,968
11725,969
38225,970
24725,969
41525,969
38325,971
34225,971
25422,392
32119,815
01024,972
27820,134
29217,683
54625,973
05722,683
04221,683
04525,940
35822,683
12825,85
6511,974
07022,975
24524,976
30523,854
47025,854
20022,977
00903,978
28725,979
46719,980
24323,108
02523,108
24025,916
23224,85
24221,946
36325,981
27425,981
1013,982
25223,605
0916,983
19716,984
20219,985
02818,453
5813,986
04023,968
31217,55
1358490,987
00821,8
828705,221
10607,449
1258405,145
1438605,988
5599,989
31825,228
2008305,60
368705,716
9007,730
20619,60
5217,189
06323,448
08025,10
06125,10
36521,990
06625,10
16812,144
15016,219
000823,991
21325,605
32123,491
08823,491
405,605
5202,605
08009,605
9810,491
40025,491
15920,992
1509,299
35321,993
31223,491
36021,491
27517,994
1409,299
08021,142
08023,995
07722,387
03725,996
03525,759
13122,89
30418,509
07926,997
27423,857
26018,998
6015,999
41024,450
8112,903
51625,235
01321,605
6613,793
10115,1000
01404,1001
7315,194
25221,946
33325,1002
02326,1003
02226,1004
33425,1005
34325,1006
19225,1007
21621,1008
32819,1009
03426,792
6214,690
19223,577
07424,577
03802,1010
1310,1011
32024,1011
04713,793
16620,924
1002,1012
7308,793
2408,1013
04224,572
28723,561
11012,702
03123,702
13409,561
44425,654
3613,1014
30224,561
22324,561
15024,1015
6410,561
2128503,1016
02005,502
28924,558
03202,1017
8806,1018
20716,104
28224,694
28324,694
10813,826
06920,184
37121,184
07020,184
40325,450
00720,616
18308,1019
06221,1020
07221,1021
27518,334
10723,491
08318,820
35021,1022
35924,806
2597,1023
29622,1024
4711,1025
12812,997
06018,1026
00719,72
14321,334
13415,152
24921,115
33923,858
699,191
09918,843
02422,1027
01725,418
4411,1028
2698,1029
27017,697
07323,700
07823,806
35323,961
12120,225
45519,661
43724,1030
34721,411
15120,348
30125,545
17925,1031
2048710,486
2088605,38
06823,877
2996,862
39417,1032
08221,1033
03301,1034
06600,1035
3405,1036
8105,1037
03201,1038
8213,208
27318,1039
22825,1040
09125,727
44724,727
08024,727
27925,727
19823,1041
13808,201
32219,115
13307,9
05720,795
18317,1042
30225,1043
36625,1043
31018,305
11018,41
23017,628
29717,1044
32524,61
11523,1045
30521,1046
32322,851
1911,69
23521,567
08622,1047
8808,82
794,1048
15323,1049
15223,1049
1148394,623
2298794,1050
1497,1050
36123,85
21922,1051
25022,1052
32317,223
29020,474
22920,474
35623,1
18822,1
16217,1053
31917,346
32517,1054
31723,1055
00926,1056
50325,212
13516,1057
13811,567
20423,1058
11020,456
09101,1059
32321,1060
44625,661
28424,30
8907,1061
27520,1062
35324,976
20519,142
01826,973
13725,83
02521,162
23822,1063
00326,1064
08799,567
01700,69
408303,661
10419,511
01319,616
33223,1065
1648702,1066
00721,1067
297,976
31121,107
00600,1068
07921,1069
40425,1070
2511,1071
24021,442
13424,1072
17121,1073
24518,95
7309,1074
57025,1075
09201,623
29523,1076
26517,30
15717,307
11217,122
11017,122
7907,577
26125,1077
22225,83
11425,1078
16925,561
06421,253
30121,557
06925,1079
04723,1080
7899,104
02400,915
8998,165
41824,1081
53925,598
11507,210
05425,61
50825,115
07518,115
17618,1082
8908,1083
12718,542
40024,169
30417,8
938900,1084
06220,528
20821,1085
2418592,626
34023,1086
31322,567
15420,1087
10013,28
19517,47
41425,1088
45225,107
01225,453
10420,59
15621,59
27322,59
10907,59
54525,1089
26120,1090
21622,1091
13018,1092
20518,1093
30918,1094
10322,1095
01323,567
10210,69
09425,567
33618,187
01523,759
09423,453
27622,1096
10421,116
19022,1097
29722,1098
1238603,206
02323,1099
29624,793
24721,184
1238703,159
4099,180
3299,1100
198,379
14224,322
12225,567
09020,1101
14208,143
12807,783
16718,818
01714,1102
14421,334
27717,116
10011,69
5911,89
08518,1103
9010,852
04521,1104
00400,1011
29723,235
25025,1105
5808,493
17817,180
19422,1099
25722,1106
02824,456
10524,122
5409,228
12520,1107
31517,1108
43918,666
03820,122
02820,189
8107,524
8509,488
35819,7
03722,228
06026,1109
01504,153
40725,561
5209,1048
04622,727
14420,307
1695,60
10507,189
01821,89
13809,531
33625,1110
07225,1110
11318,738
37517,563
08821,511
2168205,1111
02426,89
07920,142
30824,187
00321,734
46525,1112
27525,255
13322,1113
42525,1114
19921,1115
19525,1115
13021,1116
6610,115
33825,787
40217,210
09719,210
25219,914
32424,228
15422,453
01513,1117
01626,1118
28124,460
23818,1082
25124,460
12420,239
12512,187
08124,1119
15624,1120
05400,1121
9008,1122
04522,1123
38525,249
20525,467
11123,388
35122,470
35022,905
34522,1124
06124,1125
6108,156
13124,511
30425,1126
24525,1127
38125,20
16112,1128
25321,182
11006,307
11825,1129
33524,187
08918,116
10816,334
00218,225
6208,531
3498,690
21319,1130
13724,465
34318,20
3610,1131
710,833
33521,177
34021,1132
36721,187
44019,116
418705,162
02603,1133
14307,1134
16020,162
00220,1135
3288392,1136
6207,1135
27723,162
52325,528
07299,1137
0310,511
12319,511
26117,511
12418,511
765/26R,1138
21219,616
15824,616
11619,511
10125,1139
14122,511
37617,563
6313,511
13619,511
22117,31
638508,511
109009,616
12224,162
32421,1140
13925,1141
29025,778
27120,39
22717,159
31221,334
3408,1142
11808,1143
21017,605
07525,183
06021,1144
01320,191
19324,187
34718,151
09195,1145
12925,1146
12525,1147
04724,1148
8006,1149
8613,1150
22319,1151
09521,122
21524,1152
08224,573
30520,573
31924,857
03325,456
3506,46
02321,531
5397,1153
9111,1154
31120,1154
07319,1155
18720,1155
9499,1156
2807,1156
38925,1157
36518,178
05520,1144
35619,1158
11324,1159
10424,122
48725,39
56025,858
06924,85
03225,727
08722,1160
11424,1160
1878709,1161
32822,124
7714,1162
07526,1163
27225,1164
27621,180
21720,60
31620,142
07024,329
36523,573
11323,605
19124,305
27222,1165
7713,67
15124,1166
10209,1167
13012,187
37024,280
31320,1168
3788200,1169
49825,1089
23225,187
22924,187
38917,187
26525,512
00820,187
10720,416
23125,187
10925,187
23917,187
28919,187
17517,187
26017,187
28620,1170
17220,92
00124,1171
47225,187
34224,187
26523,1172
8413,1152
12816,280
43124,905
03825,510
0815,1173
21024,1174
28222,177
14424,280
36925,1175
32118,235
35722,510
24120,374
16621,1176
3114,1177
32617,346
29122,1176
09115,1178
9017,1178
21525,346
21425,177
7716,510
8416,1179
40019,374
12416,1180
08519,1181
0915,1182
06605,1183
5115,346
13515,177
0613,374
05125,1184
31823,1185
04526,387
01623,280
15724,389
03421,346
3716,1186
30622,280
08122,510
16420,1187
10711,1188
7895,206
33023,191
1228309,1189
4212,280
06122,235
23920,206
27620,206
29521,206
31522,1190
48425,191
05623,191
36125,191
30822,191
30924,191
34122,235
16324,620
4114,620
09023,620
28823,620
30923,620
9415,620
29123,1191
1558106,145
32425,620
5208,129
04523,129
14711,129
25424,1192
33622,1193
16423,387
14120,280
04412,146
20223,1194
11789,626
3404,626
02800,955
8098,1195
48925,187
18925,1196
31124,854
27623,1197
20323,1198
00604,1199
16519,1200
14623,129
32624,1201
7796,1202
01020,1203
17721,1204
15423,456
37324,216
21122,122
6908,8
01819,7
15622,643
14222,77
26124,1205
05025,1205
13623,1206
14922,77
36624,1207
24425,1207
08825,1208
2797,877
2692,862
2897,862
7810,550
02718,813
30624,909
24920,1209
40625,1109
07621,1210
44524,1210
34218,29
24625,573
296,573
00622,573
24022,346
12109,734
43618,1211
21023,15
42024,188
03126,567
5814,118
00404,1212
3413,985
4297,379
18223,1213
36418,1211
36119,563
36421,191
07822,307
32925,1214
13011,572
52725,528
35118,1215
6107,1216
24421,946
44325,1217
43119,1218
12022,573
9398,1219
23220,1220
05426,585
18025,1221
06624,1222
22123,1223
0715,1167
12621,852
2001,59
00222,1224
16121,1225
22119,510
15525,212
8113,1226
205,558
03024,1227
11819,511
06619,1228
26425,1063
2048304,959
06008,493
03923,1229
03823,1229
03026,982
08223,1230
30222,1231
37222,304
12016,820
40519,1022
34925,1232
25818,215
16920,399
06224,1233
5713,263
22118,1234
43624,1235
22423,1231
35622,1236
13412,1237
13907,1238
25721,826
11925,115
15522,413
29823,1239
07523,879
09123,879
5504,1240
23624,89
25319,47
10113,28
15316,28
14524,28
12612,28
2903,28
28519,47
25417,38
24222,1241
08924,252
08218,1103
09118,1242
8097,47
36221,28
08626,963
34518,1243
07626,1244
33818,1245
37325,1246
24124,1247
32324,1248
30525,467
29824,1249
29924,346
34924,322
29124,223
21716,27
6197,442
33621,758
01393,1250
08123,1251
36318,143
21116,1252
11409,1253
41624,620
00618,502
8513,567
16825,910
00223,1254
12519,64
32824,249
30524,249
11724,610
17824,610
11013,307
15107,129
32622,572
2909,561
04924,561
00623,654
528806,988
2599,30
38118,200
13524,961
01706,1255
2214,1256
11625,162
30917,554
11524,105
26620,105
17408,557
09420,1257
04220,228
13324,1258
25520,182
05024,87
29320,560
1214,1256
20324,573
14824,573
09823,858
55925,858
24823,122
02325,1159
02525,1159
05424,85
32323,85
03025,1259
32817,157
03323,1260
1868303,44
29620,559
3499,1261
15216,1262
05203,1263
22923,1264
12216,1265
28420,1266
19723,1267
16523,1267
08601,1268
9310,1269
2708005,1270
1338905,1121
05721,792
31125,1271
03926,331
19025,1272
07124,655
14020,1273
45319,510
01724,1274
2006,42
02618,210
12616,1275
09321,592
27824,39
36324,39
25918,89
01922,1276
4515,1277
25222,1278
40417,1279
2448792,1121
8813,1280
06523,1281
13223,1282
31622,1283
21724,1284
03622,1285
18624,137
2788394,50
198608,525
3893,888
23221,857
13222,1286
22323,1287
5116,838
10025,668
04024,708
04123,79
18024,96
16725,421
00526,593
57425,1288
57325,1288
31325,1288
1612,39
38419,216
26325,576
03219,666
11120,666
7398,1289
2997,316
18718,952
05820,795
17020,399
05822,1290
44125,1291
14425,1292
02922,1293
23921,727
2512,818
33217,189
8014,1294
28321,1295
2499,1296
5304,579
10123,1027
08721,589
02822,1101
01923,1297
9715,1298
34523,1299
10324,115
37425,1255
26417,1300
4794,1301
25825,593
13017,1302
40918,1303
12923,1227
19016,228
22723,704
2211,35
28021,1304
02022,1027
11325,1268
10798,1305
00524,576
11520,1306
18207,511
2004,616
16724,89
24424,1187
26524,340
00424,1307
02101,783
26920,1308
53525,249
34422,1309
7912,20
07820,1310
9012,1044
30217,1044
4697,1044
17707,1311
27018,280
45325,1312
12325,1313
1168704,1138
29317,1044
38124,839
16224,248
14221,1314
06824,1315
23018,1316
24624,1317
16520,1318
04425,839
18424,839
797,544
8898,839
30922,1319
18522,1320
54225,1028
11924,686
11618,686
20023,686
28623,686
25122,493
50225,42
06321,903
3310,572
49325,8
28225,1321
612,39
21916,47
02500,301
07320,39
10217,734
20823,200
12125,1322
0415,872
38725,175
4415,1044
22421,200
18607,686
30823,598
5898,83
20719,460
10598,1104
35621,104
19624,1323
36419,183
40224,183
06419,1323
35018,793
16708,793
01624,1324
06400,852
19923,175
22522,1325
8012,863
05020,739
06622,808
02298,1326
10306,85
5110,765
10615,179
20025,178
22217,858
20121,1203
08920,1327
46125,1328
12912,307
13624,1329
35721,118
04921,408
04921,1330
43919,408
43919,424
21422,408
21422,1331
338996,1332
28621,696
25225,1333
05824,1334
08204,87
01603,1335
1338602,340
9507,340
07003,997
35723,997
02217,122
07918,1336
27821,1337
8510,115
41925,183
13717,183
04424,888
3697,1338
13615,307
8005,35
23222,1339
27921,145
3513,1100
2968399,1044
31621,1340
000723,1014
31324,674
32521,115
2913,1341
09621,935
26219,485
5015,1342
17125,1343
25622,854
36322,228
5789,1344
02700,561
9109,1271
02125,1271
06123,1345
8295,1346
15808,8
3092,1017
01423,1347
01817,1348
43425,1349
31425,1350
2015,249
5715,249
2315,1351
45425,83
10623,235
28923,1138
30718,1300
2309,1352
2628797,1352
05615,39
18617,57
11509,1253
06121,200
22922,1353
1578303,221
16924,696
293,696
8399,1354
18523,1333
00724,1333
00725,1333
05625,1333
22520,162
2308794,1338
2198,200
4313,79
04903,118
9917,107
25016,1043
08719,525
02124,1355
3995,1356
20224,178
31117,1021
35223,307
29817,1357
41324,1357
24324,1300
05222,191
33422,89
14611,210
29323,179
26625,838
17525,1358
18208,1359
38119,1360
17120,92
11912,1361
29923,1077
34822,1362
3217,1361
08425,1363
8708,1364
01802,1365
04321,104
25220,1197
2999,60
808910,44
36223,1086
17922,1140
17807,1048
11022,1140
9005,1352
03125,1366
18825,1367
21025,792
19125,1368
4098,1369
41025,39
19423,839
19421,1203
00125,1370
10822,1371
30322,1372
04421,115
31122,228
32122,971
15025,792
20725,1364
05326,792
09925,1364
17225,1373
04026,1373
37725,1364
06301,165
3297,727
00224,727
24523,1374
8317,1375
00522,211
02320,1376
36323,1355
05920,1306
20924,1377
6308,486
02301,1378
12114,243
30123,1379
3604,1380
12716,551
04219,1381
32523,272
21423,598
47825,598
18325,1382
09298,104
32224,183
18724,183
31224,183
27025,1286
50725,115
05503,35
7915,200
8611,1383
26818,1384
00317,1348
088603,1385
14423,1386
01421,28
25524,1387
23525,327
25125,177
27125,1081
4801,1388
23325,1389
32023,1390
29920,1391
3102,1392
0816,50
4695,1393
20017,1394
19620,487
31817,1395
23024,115
06022,704
10320,705
10611,75
11621,493
14921,142
35824,184
35724,184
26224,184
112,579
18823,494
29423,1396
22419,620
34722,50
58125,83
58225,83
34622,50
3228104,823
17508,82
02415,1397
02715,1398
35221,480
5105,974
6106,50
06112,1399
04503,1332
08296,1400
6110,644
09320,1401
34621,453
14622,388
14820,55
26422,261
13024,1402
01109,456
22721,990
1548698,622
1308704,596
10613,104
43125,243
31820,318
798,1403
15425,1403
08126,1404
38518,1405
51425,1406
35325,1407
13514,1408
01822,511
5694,1409
5794,116
12411,1410
01021,206
1768502,445
09619,41
05323,1411
15023,328
32519,914
3514,116
34222,759
28524,182
13823,39
09623,1412
35419,1413
21923,1414
01425,1415
03902,1416
02423,1417
16921,116
07321,1144
27221,1418
19322,880
09718,843
10308,1419
5211,530
30021,1420
33423,491
3308294,1421
02425,1345
14825,1422
16422,1423
8205,1424
8408,1425
09599,1426
05021,1426
13114,517
06223,930
19825,1427
41625,1428
04326,1428
01920,41
03900,910
14511,910
09625,910
8609,1429
4112,442
15720,1430
06203,210
29421,1422
13924,465
12118,1431
15116,1432
23425,1433
5816,1434
06326,7
31020,732
09411,1435
28017,41
08520,1436
08619,259
1408402,1437
26717,1300
26217,1300
898793,307
0513,1438
01119,691
52225,1439
9306,1394
04626,1440
9106,1441
2094,178
33125,1442
52925,1443
40124,244
878600,1444
2208591,225
14023,1287
2802,1445
22220,355
33523,839
35024,857
15825,87
1894,1446
10401,1447
7008,1448
00403,1449
6708,210
4614,178
21823,1450
07824,146
28925,235
39225,235
06023,235
01126,235
18023,235
27922,235
27124,235
18723,235
22925,235
29825,1451
43324,499
35725,1452
30825,1453
06722,1144
26917,511
23419,39
695,1454
07425,982
32223,491
18625,1364
53725,792
32125,787
31925,787
19625,1379
02020,567
27721,41
28717,41
36924,1455
33424,1456
12017,1457
9011,28
7997,1458
31920,1213
16723,228
34221,655
36425,1292
27917,41
37322,480
6510,228
28903,1459
25619,43
27722,623
02424,456
38418,1405
2894,107
9906,1460
00494,1461
06704,178
34821,967
27023,1462
18620,658
5016,179
13317,605
36522,1463
10824,572
31525,1464
13025,1465
13709,188
479097,115
02622,581
2102,1466
11125,1467
42919,145
28819,1468
19621,1469
8106,1421
138894,159
07594,1470
1288594,620
18322,307
28520,517
6306,449
03119,844
22622,1471
00912,1472
35121,1473
3911,1474
06725,1475
28423,20
21121,107
41825,79
40117,557
918603,1476
158603,1477
16018,499
25323,605
23618,69
9912,210
9812,210
10612,210
40624,104
36025,1255
1313,334
3013,1271
37224,1478
03322,528
35124,490
07126,709
33918,1479
21220,1480
34424,490
39617,490
34524,490
3994,1481
5311,572
33323,200
37624,1456
27924,1482
11617,1483
06825,655
8111,686
23118,221
09220,1484
11009,502
000923,991
14722,77
6496,656
19220,228
6912,1485
13825,1235
10825,178
29623,1486
6807,60
2398504,60
10307,1338
692,1487
32821,456
06120,531
36619,656
35422,1488
34922,430
21320,1489
09724,1489
09624,1489
21817,1490
49725,1373
5308,502
36819,1209
35225,1291
02620,1491
29425,1491
48525,101
03003,255
36622,1492
19521,1493
6907,255
07709,1494
15407,461
03222,196
12518,645
5108,1495
7400,620
11025,1496
5905,122
13614,534
16424,455
11911,133
12223,322
45524,1497
08325,1498
21323,1499
08824,182
4115,572
01322,39
4311,1500
28920,584
10122,584
211,1100
5717,894
17624,235
06019,460
32019,815
1008,334
14518,1011
25820,793
05422,579
34724,793
01503,1501
00924,1502
06822,1503
13918,69
3094,1504
14617,57
8608,1333
38718,1333
39018,1333
13212,1505
33221,513
33321,513
5097,593
4595,143
15117,785
14018,334
34725,792
38319,1506
41724,485
29024,485
20225,485
27224,485
13607,1507
13707,1508
5011,1509
32325,1510
27122,788
32722,1511
07821,1512
02023,1513
4909,852
11423,883
29822,118
00516,1514
7706,85
19317,182
8207,522
9312,1071
31625,1515
00722,1516
09824,57
20818,531
2201,852
1828605,1517
3798,1423
1099,334
21919,617
1209,1518
13920,1518
4897,1519
5394,248
2799,1520
04400,1369
32919,715
5317,334
07422,572
14718,686
6210,622
58925,1521
02624,456
19008,1522
07800,1522
03724,1523
19325,1524
22516,1525
13220,1526
03601,1144
05322,1527
15322,1144
30022,991
4714,178
1116,1528
5597,1529
302,1530
10515,1531
21419,55
29522,1532
4516,206
30625,1533
5606,1534
33024,122
25719,145
17822,1535
30620,1536
23320,579
1796,1537
3748310,1538
1402,1539
04823,122
20520,122
46124,122
06226,122
2892,1540
17823,674
2292,106
1793,1540
43819,232
33624,300
16120,626
598,1541
339006,1542
418904,1543
1388909,1544
4001,1481
4094,1481
18420,1102
17524,687
03700,687
22317,858
518309,1544
848603,1545
44018,334
22417,858
14308,307
32222,661
09720,727
03623,1546
12222,859
31720,122
40724,939
29023,934
1792,1547
01120,727
33124,122
04025,851
01124,1548
2203,230
00824,1549
35825,1550
28425,1551
1338704,1552
27320,449
16425,1553
16325,1554
58425,906
58325,906
238904,734
10007,522
10709,210
02322,1027
8596,1555
09920,122
18824,1556
23218,1557
02520,334
11320,116
06819,850
18320,1558
29017,116
3205,1559
13407,1560
15122,515
31623,1561
31523,1124
41224,1004
39624,1081
50125,1562
16225,1563
2596,1564
01825,519
54425,228
4210,30
12523,1565
19017,41
27420,460
03522,107
2405,907
4406,334
20717,50
16122,413
16320,1090
21520,1090
00107,1459
18107,1566
24723,41
1578899,188
01919,1567
27024,524
05122,1568
09701,1569
24220,664
21322,26
01820,508
3897,1376
12117,1376
10222,970
39517,55
2517,293
53425,8
26522,261
7497,1570
01419,1323
27624,561
12921,1571
10312,307
08418,557
24821,1353
07718,557
11108,210
07609,210
02518,210
22023,557
34825,1572
02526,1573
9412,210
1710,210
9509,210
20420,251
20124,783
17521,143
14620,143
28624,30
08323,1574
10922,1575
41924,1576
08222,1179
28824,1577
08322,344
20720,191
17724,783
43525,89
05321,89
28918,307
03621,178
22621,930
10523,942
06926,1350
08396,1168
35023,1213
41718,511
20321,408
20321,1578
32120,408
32120,1579
15917,180
30821,1580
17325,1451
34118,1211
40525,1581
10313,620
2811,1582
34125,1583
00423,1584
01222,584
44224,584
11722,1585
5416,334
28123,848
32922,310
18922,1586
58825,95
23323,727
48125,1587
11222,1588
00625,406
13522,1304
18407,686
10422,866
35123,1589
24123,408
24123,1590
16323,956
1398696,535
14218,159
19817,159
14118,159
02024,734
00904,626
7109,1591
1608491,1592
39017,1593
11322,1594
10918,645
05926,1595
5498,183
16417,1048
03058395,1048
28323,584
22116,1596
30124,1194
27625,53
8811,1048
15924,159
16317,180
38625,180
17921,734
9907,522
06820,734
05522,734
510,734
3728310,1597
33721,1598
16624,1598
09725,489
30221,122
5916,217
01823,1599
2008,1600
10017,491
21523,616
01719,307
4497,1601
4504,1601
9999,1602
1506,587
28319,1603
35025,453
41225,453
18220,162
19623,1604
03424,1605
358709,5
28221,1295
6215,123
04420,795
11124,1572
43518,563
05525,551
07023,551
21120,1480
01224,47
11717,1606
04201,930
24724,1607
7798,119
33522,517
26021,705
11224,561
30220,258
21124,1364
36722,1463
2998,1608
32923,851
888798,1609
27618,1610
32117,1610
38524,854
4414,1611
12919,351
22625,1612
05225,1523
21324,1475
00825,1613
6812,1614
05825,1615
34018,1616
29118,1617
16517,1351
23817,1618
08226,1475
33722,1619
26922,285
11723,1620
39919,1618
46619,1351
37119,1351
33025,1621
33224,916
14525,1622
33122,1623
15721,1624
12511,1625
28025,1626
2007,689
22318,1627
51225,1628
31922,1629
40517,1630
8715,1631
8815,1617
29222,1632
03919,1633
32422,1634
20220,1351
12024,1635
18122,179
17208,1636
32020,179
07325,179
01526,179
11922,179
11719,179
18120,838
05821,179
38825,179
34324,179
23723,179
41524,179
309,644
41124,179
43224,1637
03625,1081
1312,1638
25621,508
31017,1639
27720,70
03925,854
53125,1334
07726,854
07625,854
01226,792
08925,854
28024,854
09025,854
18893,1640
17718,1641
2438591,1642
8698,198
2993,1643
4908,502
05921,70
13289,1644
11920,83
17425,452
28022,1645
28322,1646
29418,1647
1610,188
30720,912
4110,567
18924,573
03023,573
15625,573
19424,573
15508,1582
00925,1648
23722,573
20817,50
24318,259
01125,916
33824,1649
09825,792
32518,1650
21920,573
55425,1651
23223,1138
23517,1652
41218,511
16824,616
33925,787
24218,8
11721,1653
04520,724
27521,1654
3495,307
20820,1655
13721,301
2808,1600
5194,28
27418,531
32724,654
11418,738
04920,739
15108,621
2809,621
43019,1656
41818,338
6706,838
23023,352
41618,958
23523,1657
23721,179
10721,1340
18707,75
06504,116
5705,329
57525,1658
28522,1659
14207,185
22822,1660
02908,427
7399,1661
25120,1662
28325,1663
01803,7
02704,7
7514,531
23821,57
45724,1664
46024,1664
13423,803
14625,446
35421,1639
21723,863
54725,1333
602,60
42224,1665
56725,967
28922,267
19520,251
08623,116
37717,620
9711,1075
16125,1313
08999,958
3315,1666
21623,616
18007,616
23622,1241
10920,709
6914,206
22722,60
26420,189
08820,1667
10020,1668
7814,577
24825,792
04824,20
2515,982
23522,183
07025,1043
13224,858
07924,1669
26721,1670
01721,1655
32525,1671
32625,1671
16525,1350
10199,148
21820,734
12122,1672
28724,1673
2495,1674
37525,1675
13720,605
08419,1280
21021,1676
11421,605
34423,1677
419003,605
35823,79
03526,1678
30321,182
21816,1679
24322,858
11620,457
32319,226
05003,1226
11623,1680
7194,683
03518,813
04818,813
34624,909
29220,150
5316,1681
18817,1682
31518,1683
12108,44
01016,1684
1188593,967
5817,228
23019,591
22619,591
618895,35
25519,43
19916,1685
16521,1685
45119,1686
6697,793
9608,793
10099,1011
12722,130
13821,727
28917,115
04625,1076
36725,1687
05126,1671
58725,1687
30725,1688
03720,1689
11321,940
22219,41
08724,485
15307,1690
12107,489
0116,245
31722,1691
22720,1692
23524,1692
03318,143
06724,1693
14220,1694
13625,1099
29324,1695
10120,766
26821,1695
39817,767
37925,1696
12220,1459
22725,1697
24722,1698
22320,38
00193,1674
38724,1699
01193,1700
20320,1701
26220,1702
30817,1703
03523,408
03523,1590
25821,598
4798,1704
2413,750
10815,152
39217,107
15817,605
2399,1705
06324,1233
10915,1706
02119,1706
32717,157
34823,1707
10024,272
23025,61
01696,1708
16208,1709
27718,1610
18622,977
26119,779
1468210,511
8709,561
03726,1710
27123,453
01123,453
22821,1711
24422,228
37524,655
04623,20
28120,248
07122,129
18618,104
13318,301
2528208,104
24125,116
13519,716
1797,60
09924,178
06525,939
06425,939
05997,165
06618,55
05922,856
13714,534
42118,582
3409,210
05621,792
3715,490
39725,185
28825,178
20125,939
29424,1712
03924,1713
16608,1714
30424,1715
11525,1302
599,1716
10317,930
00422,1717
16123,178
53825,593
00626,1718
37924,1719
10519,511
17816,212
42425,212
15616,200
15520,1720
06518,41
04722,621
34025,787
07322,200
20921,1721
14814,200
28525,1722
42225,787
05517,178
23520,1155
24923,1723
02722,1724
2307,793
12908,930
16823,178
13225,178
9315,178
37221,26
4607,129
05918,939
02724,456
16721,1263
50025,1725
24521,1073
18123,171
11317,122
9710,491
31524,793
6606,245
15708,1726
811,668
45924,1727
10416,1286
4704,793
03122,793
01324,1324
08225,1728
33119,1729
42524,519
16108,89
22823,319
40925,89
14318,491
25318,1405
07826,1345
10622,122
04922,1730
03723,1020
15018,1731
14907,502
19224,305
25822,1582
38224,228
32721,1732
13722,1733
33021,1734
08324,1735
13822,1733
11501,1736
20816,8
25920,621
47725,41
3909,189
40719,174
41018,79
27918,206
21424,264
37019,658
07697,1674
